Username,Tweet ID,Tweet Text,Tweet Date,Tweet Likes,Tweet Retweets,Tweet Replies,Mentioned Countries,Mentioned Goods,Tariff Change?
CFR_org,1917723149862330635,"President Donald Trump’s proposed “reciprocal” tariff plan places some of the highest tariff levels on East Asian countries—many of which depend on U.S. markets to grow their economies.

CFR expert @JoshKurlantzick explains why:
",2025-04-30 23:30:03+00:00,2,4,0,U.S.,,True
CFR_org,1917688412665938319,"The second-longest war in U.S. history began with dreams of quick victory and ended in catastrophe, writes @JamesMLindsay.
",2025-04-30 21:12:01+00:00,7,2,0,U.S.,,False
CFR_org,1917664820997787690,The Government of Japan has announced that CFR President Michael Froman and Senior Fellow Sheila A. Smith will receive the 2025 Order of the Rising Sun for distinguished achievements in advancing U.S.-Japanese economic relations and mutual understanding: ,2025-04-30 19:38:16+00:00,14,4,0,"Japan, U.S.",,False
CFR_org,1917660059653357706,"The scope of a deal between Washington and Beijing—and the concessions Trump can extract from Xi—has likely narrowed over the past month, writes @ZongyuanZoeLiu. ",2025-04-30 19:19:21+00:00,1,1,0,,,False
CFR_org,1917638848353390615," CFR experts @robbinscarla and @m2matthijs join @JamesMLindsay on The President's Inbox podcast to answer audience questions about President Trump’s foreign policy during his first 100 days in office. Listen:
",2025-04-30 17:55:04+00:00,3,0,1,,,False
CFR_org,1917615934178471944,"To set the table for longer term efforts, U.S. trade negotiators could prioritize 3 areas: strengthening enforcement, mobilizing investment, and lowering barriers, writes @HillmanJE.  ",2025-04-30 16:24:00+00:00,2,1,0,U.S.,cement,False
CFR_org,1917605787075240329,RT @JamesMLindsay:  Today marks the 50th anniversary of the end of the Vietnam War. To get a better understanding of that catastrophic con…,2025-04-30 15:43:41+00:00,0,1,0,,,False
CFR_org,1917599071813910557,"In just three months, President Trump has challenged or changed almost every aspect of U.S. foreign policy, writes expert @JamesMLindsay. ",2025-04-30 15:17:00+00:00,2,3,2,U.S.,,False
CFR_org,1917568620684574872,"""Canada has always been ambivalent about how deeply it should tie itself to the American market. Today, with U.S. protectionism in resurgence, Canada is revisiting this age-old debate,"" write experts @edwardalden and @inumanak.  ",2025-04-30 13:16:00+00:00,11,5,1,"Canada, U.S.",,False
CFR_org,1917554276345250228,"Elliott Abrams discusses two Trump administration plans for the State Department, and the changes he argues the department needs. ",2025-04-30 12:19:00+00:00,2,0,0,,,False
CFR_org,1917356979216929125,"CFR's @JoshKurlantzick writes that there seems to be a “Trump effect” on many foreign elections, especially among countries that have been important U.S. allies and partners. ",2025-04-29 23:15:01+00:00,3,2,1,U.S.,,False
CFR_org,1917346658053992486,"Trace U.S.-Canada relations in this timeline, which looks at pivotal moments throughout the countries' shared history. 
",2025-04-29 22:34:00+00:00,9,2,0,"Canada, U.S.",,False
CFR_org,1917322389681062367,"In his first 100 days, President Trump has challenged and changed many aspects of U.S. foreign policy, including raising tariffs to levels not seen in more than a century and scaling back foreign aid, writes @JamesMLindsay.
",2025-04-29 20:57:34+00:00,3,2,0,U.S.,,False
CFR_org,1917307952484016236," CFR experts @robbinscarla and @m2matthijs join @JamesMLindsay on The President's Inbox podcast to answer audience questions about President Trump’s foreign policy during his first 100 days in office. Listen:
",2025-04-29 20:00:12+00:00,3,3,3,,,False
CFR_org,1917293771701584135,"In a conversation at CFR, @Cloudflare CEO Matthew Prince (@eastdakota) warns that the web’s current model is unsustainable unless a system emerges where content creators are properly compensated.

Watch the full discussion:  ",2025-04-29 19:03:51+00:00,102,24,7,,,False
CFR_org,1917278549154881965,RT @inumanak: What Mark Carney’s Election Win Means for Trade and U.S.-Canada Relations  via @CFR_org,2025-04-29 18:03:22+00:00,0,3,0,"Canada, U.S.",,False
CFR_org,1917277642669150216,"Mark Carney’s electoral victory represents a comeback for the governing Liberal Party in what was seen as a vote on trade and the future of Canada’s relationship with the United States, write experts @edwardalden and @inumanak.  ",2025-04-29 17:59:45+00:00,4,5,0,Canada,,False
CFR_org,1917273694734340459,RT @JamesMLindsay:  @m2matthijs and Carla Robbins joined me to discuss @realDonaldTrump's #First100Days in office and to answer audience q…,2025-04-29 17:44:04+00:00,0,2,0,,,False
CFR_org,1917270620527645091,ICYMI: Watch former U.S. Trade Representative Robert Lighthizer discuss the Trump administration’s trade agenda and the future of U.S. trade policy in a conversation with CFR President and former U.S. Trade Representative Michael Froman. ,2025-04-29 17:31:51+00:00,5,2,0,U.S.,,False
CFR_org,1917267651509752203,"President Trump’s tariff plans threaten the future of the USMCA, the trade deal that buttresses the two most important U.S. trade relationships. Together, Canada and Mexico form the largest U.S. export market, write @shannonkoneil and CFR's Julia Huesa. ",2025-04-29 17:20:03+00:00,3,0,0,"Canada, Mexico, U.S.",,False
CFR_org,1917253043529097323,"The latest attack on tourists in Kashmir was one of the worst in the region since 2019. India and Pakistan’s tit-for-tat reprisals have raised fears of a potential military incursion.

Expert Manjari Chatterjee Miller explains what might come next: ",2025-04-29 16:22:01+00:00,6,3,3,"India, Pakistan",,False
CFR_org,1917237442538623128,"For @ForeignPolicy, @edwardalden writes, ""Trump is accused of having started a global trade war. That’s wrong. The U.S. Congress is responsible for it, and only the U.S. Congress can stop it."" ",2025-04-29 15:20:01+00:00,6,2,0,U.S.,,True
CFR_org,1917221759683625066,"Today in the Daily News Brief we’re covering the rapid change in fortunes for Canada’s Liberal Party, the restoration of electricity in Portugal and Spain, Ukraine’s response to Russia’s truce proposal, and more. 

Read &amp; subscribe: ",2025-04-29 14:17:42+00:00,3,1,1,"Canada, Spain, Portugal, Ukraine",,False
CFR_org,1917207787421020650,"Some of the downstream effects of the United States’ historically high tariff levels may surprise you. 

 See where shoe retailers may shift their supply chains away from China:
 ",2025-04-29 13:22:11+00:00,0,0,0,China,,True
CFR_org,1917190889299919064,.@JoshKurlantzick writes that Singapore’s long-ruling People’s Action Party is not going to lose the May 3 election—but it has less control over voters than in the past. ,2025-04-29 12:15:02+00:00,2,1,1,Singapore,,False
CFR_org,1916975209762164965,WATCH | Former U.S. Trade Representative Robert Lighthizer discusses the Trump administration’s trade agenda and the future of U.S. trade policy in a conversation with CFR President and former U.S. Trade Representative Michael Froman. ,2025-04-28 21:58:00+00:00,6,6,0,U.S.,,False
CFR_org,1916969547854229609,RT @edwardalden: Think trade is boring or obscure? Think again. This is going to be the issue on which American democracy lives or dies. ht…,2025-04-28 21:35:30+00:00,0,5,0,,,False
CFR_org,1916953081247305939,"Canadians head to the polls today as Ottawa’s tensions with Washington remain high. This timeline takes a look at pivotal moments throughout the countries’ shared history. 
",2025-04-28 20:30:04+00:00,4,4,0,,,False
CFR_org,1916940230285824061," With over 1.3 billion followers around the world, the pope and his governmental arm, the Holy See, have the power to shape the future. 

Experts discussed how the pope’s influence has changed over time on this 2022 episode of Why It Matters:  ",2025-04-28 19:39:00+00:00,10,4,0,Holy See,,False
CFR_org,1916930532757131422,RT @WillGFreeman: My video essay on what El Salvador's President Nayib Bukele doesn't want the world to know -- and why he's so eager to ac…,2025-04-28 19:00:28+00:00,0,6,0,El Salvador,,False
CFR_org,1916930466310939060,"RT @BennSteil: ""Could Trump’s Tariffs Replace Income Tax for the Bottom 90%?""

My short answer is ""no"". My longer answer is: ""Why would you…",2025-04-28 19:00:12+00:00,0,2,0,,,False
CFR_org,1916922620043301094,"Tensions between India and Pakistan have intensified after a deadly militant attack in the contested Kashmir region killed 26 people last week.

Get the latest in the Global Conflict Tracker: ",2025-04-28 18:29:01+00:00,10,5,1,"India, Pakistan",,False
CFR_org,1916907801550467350,"Australians head to the polls for parliamentary elections on May 3. 

@JoshKurlantzick previews the election: ",2025-04-28 17:30:08+00:00,4,1,1,Australia,,False
CFR_org,1916891912813904310," NOW | 12:30 pm ET

Join us LIVE as European Commissioner @VDombrovskis discusses macroeconomic trends, the impact of universal tariffs on the global trading system, and the state of transatlantic relations. ",2025-04-28 16:27:00+00:00,9,3,0,,,False
CFR_org,1916875303265202665,"25 UN member states currently have a female head of state or government, a decrease from March 2024, when there were 26. 

See where countries stand in their progress toward gender parity in political participation in the Women's Power Index: ",2025-04-28 15:21:00+00:00,12,7,1,,,False
CFR_org,1916867528048910828,"Hostilities between India and Pakistan have intensified after a deadly militant attack in the contested Kashmir region killed 26 people last week.

Expert Manjari Chatterjee Miller explains what happened and what might come next: ",2025-04-28 14:50:07+00:00,3,3,0,"India, Pakistan",,False
CFR_org,1916859175348338984,"Today in the Daily News Brief we’re covering the the latest overtures on reaching a settlement in Ukraine, China’s flag display in the South China Sea, Iran’s port explosion, South Korea’s opposition primary, and more. 

Read &amp; subscribe:
",2025-04-28 14:16:55+00:00,3,0,0,"China, Ukraine",,False
CFR_org,1916851154324946993," April 28 | 12:30 pm ET

European Commissioner @VDombrovskis will discuss macroeconomic trends, the impact of universal tariffs on the global trading system, and the state of transatlantic relations. 

Watch live: ",2025-04-28 13:45:03+00:00,14,5,1,,,False
CFR_org,1916845045480640549,RT @OpentoDebateOrg: @DerekScissors1 says the U.S. economy was stronger before China joined the WTO. @BennSteil warns decoupling now would…,2025-04-28 13:20:46+00:00,0,4,0,"China, U.S.",,False
CFR_org,1916844989490868362,"RT @HooverInst: On The Interconnect with host @MartinGiles, Hoover Senior Fellow @AmyZegart discusses how DeepSeek's breakthrough highlight…",2025-04-28 13:20:33+00:00,0,7,0,,,False
CFR_org,1916841078944157949,"Canadians head to the polls in a general election today.

How did the U.S.-Canada relationship come to dominate this election?
",2025-04-28 13:05:01+00:00,6,1,0,"Canada, U.S.",,False
CFR_org,1916830758389326150,Watch LIVE at 6:00pm ET: Former U.S. Trade Representative Robert Lighthizer discusses the Trump administration’s trade agenda and the future of U.S. trade policy in a conversation with CFR President and former U.S. Trade Representative Michael Froman. ,2025-04-28 12:24:00+00:00,6,2,1,U.S.,,False
CFR_org,1916580358860017829," On this episode of The Interconnect podcast, Stanford’s @AmyZegart and @HerbLinCyber and CFR experts @adschina and @rightsduff discuss some of the most critical actors that influence the evolution of emerging technologies and more. 

Listen 
",2025-04-27 19:49:00+00:00,7,4,0,,,False
CFR_org,1916525750250832224," April 28 | 6:00 pm ET

Former U.S. Trade Representative Robert Lighthizer will share his firsthand perspective on the Trump administration’s trade agenda, reflecting on what these policies mean for the future of U.S. trade policy.

Watch live: ",2025-04-27 16:12:00+00:00,10,3,2,U.S.,,False
CFR_org,1916496828998062128,"Today, the world still gets 77% of its primary energy from oil, natural gas, and coal.

@ProfDavidHart outlines 4 major forces that help sustain the fossil fuel-based energy system—and some silver linings:  ",2025-04-27 14:17:05+00:00,15,5,0,,"natural gas, coal",False
CFR_org,1916476172449275990,"How did trade evolve from a symbol of unity to a flash point for global conflict?

On this episode of the Why It Matters podcast, CFR trade experts @shannonkoneil and @edwardalden discuss how trade policy is sizing up to be anything but consensus. ",2025-04-27 12:55:00+00:00,5,1,0,,,False
CFR_org,1916268554162184285,"A sustained, bipartisan commitment to an upgraded alliance network—with strategic cooperation in emerging fields—is the best strategy to offset Beijing’s enduring advantages, write Kurt M. Campbell and CFR expert @RushDoshi for @ForeignAffairs.
",2025-04-26 23:10:00+00:00,12,6,1,,,False
CFR_org,1916163113818169490,"The latest attack on civilian tourists in Kashmir has been one of the worst attacks in the region since 2019, resulting in a tit-for-tat measure between India and Pakistan. 

Expert Manjari Chatterjee Miller explains what happened and what might come next: ",2025-04-26 16:11:01+00:00,3,1,0,"India, Pakistan",,False
CFR_org,1916131422487670963,"The majority of avocados consumed in the United States come from Mexico. 

Here’s how tariffs could make the price of avocados—and other goods—more expensive:  ",2025-04-26 14:05:05+00:00,8,4,0,Mexico,rice,False
CFR_org,1916103721420829031,"Canadians are heading to the polls next week at the most fraught moment in U.S.-Canada relations in 80 years. The elections could determine the future of Ottawa’s stance with Washington. Here's what to know:
",2025-04-26 12:15:01+00:00,6,3,0,"Canada, U.S.",,False
CFR_org,1915880497336483936,"""The United States faces ever-worsening risks from climate change, with no relief in sight,"" writes @vsiv. He outlines a new approach to climate change  ",2025-04-25 21:28:00+00:00,13,5,4,,,False
CFR_org,1915869053551284449,"Some of the downstream effects of the United States’ historically high tariff levels may surprise you. 

 See where shoe retailers may shift their supply chains away from China:
 ",2025-04-25 20:42:32+00:00,3,0,1,China,,True
CFR_org,1915850832756592865,"Tariffs and the bleak prospects for global trade dominated discussions at the IMF and the World Bank Spring Meetings this week in Washington, DC, writes CFR President Michael Froman. ",2025-04-25 19:30:07+00:00,3,3,0,,,False
CFR_org,1915835199398519090,"We need to treat disinformation as we deal with insurgencies, argues @Jacob_A_Ware.  ",2025-04-25 18:28:00+00:00,10,5,3,,,False
CFR_org,1915824386315046962,"Iranian support has allowed the Houthis, a local rebel movement that currently rules a third of Yemen’s territory and two-thirds of its population, to boost their military. 

Our explainer details this group and the impact of their alignment with Iran: ",2025-04-25 17:45:02+00:00,6,2,0,Yemen,,False
CFR_org,1915798459719839868,Ties were downgraded after India blamed Pakistan for the killings of 26 people in Kashmir. Track the latest developments: ,2025-04-25 16:02:01+00:00,1,0,0,"India, Pakistan",,False
CFR_org,1915797940712476713," TODAY | 1:00 pm ET

@Cloudflare Cofounder &amp; CEO Matthew Prince (@eastdakota) discusses AI &amp; cybersecurity technologies developments, countering national security threats &amp; advancing technological research through public-private partnerships, &amp; more:  ",2025-04-25 15:59:57+00:00,13,6,2,,,False
CFR_org,1915795032751194596,"RT @OpentoDebateOrg: With Trump’s tariffs and China’s rising global power, many fear U.S.-China economic ties empower a hostile regime.

Wh…",2025-04-25 15:48:24+00:00,0,3,0,"China, U.S.",,False
CFR_org,1915788642666090954,"In his second term, President Trump is again wielding tariffs in pursuit of goals such as stopping drug trafficking, competing with China, and reducing the U.S. trade deficit.

Here’s how these taxes work and how they’ve been used historically: ",2025-04-25 15:23:00+00:00,2,0,0,"China, U.S.",,False
CFR_org,1915780580253245871,"Today in the Daily News Brief we’re covering the intensification of U.S.-Iran nuclear talks, Trump’s rebuke of Putin after an attack on Kyiv, world leaders converging for the pope’s funeral, and more. 

Read &amp; subscribe:
",2025-04-25 14:50:58+00:00,4,0,0,U.S.,lead,False
CFR_org,1915756440607658119,Canadians are heading to the polls next week at the most fraught moment in U.S.-Canada relations in 80 years. The elections could determine the future of Ottawa’s stance with Washington. Here's what to know: ,2025-04-25 13:15:03+00:00,3,0,1,"Canada, U.S.",,False
CFR_org,1915737807324164220,President Trump wants to eliminate income tax for Americans earning less than $150k. @BennSteil and Elisabeth Harding assess whether tariffs could offset that: ,2025-04-25 12:01:00+00:00,16,10,2,,,False
CFR_org,1915529940184814022,"The United States and Iran held their first meeting in seven years to discuss Iran’s contentious nuclear program. 

CFR expert Ray Takeyh explains what could come next:
",2025-04-24 22:15:01+00:00,4,3,0,,,False
CFR_org,1915516096678973551,".@MaxBoot argues that Trump's proposal will raise ""fears in Kyiv that Russia would use the resulting ceasefire to rearm its forces, employing the windfall generated by a sanctions-free economy, to restart aggression against Ukraine in a few years’ time."" ",2025-04-24 21:20:00+00:00,3,1,0,Ukraine,,False
CFR_org,1915499487126053091,"Five decades ago, Cambodia commenced the largest decimation of a human population by a country’s own leadership since the Holocaust, writes David J. Scheffer. ",2025-04-24 20:14:00+00:00,9,6,0,Cambodia,lead,False
CFR_org,1915491785000001926,"RT @BennSteil: ""Could Trump’s Tariffs Replace Income Tax for the Bottom 90%?""

My latest @CFR_org Geo-Graphics blog post with Elisabeth Har…",2025-04-24 19:43:24+00:00,0,3,0,,,False
CFR_org,1915482892890747152,"When it comes to negotiations, the Iranians are not going to give up something of great value—an unfettered nuclear program—without exacting a price from the U.S., writes CFR's @stevenacook. ",2025-04-24 19:08:04+00:00,4,0,0,U.S.,rice,False
CFR_org,1915466291558650071,"In this CFR conversation, @NadiaCalvino, @SergiiMarchenk3, Carlo Monticelli, and @OdileRenaud discuss global financial efforts to support the reconstruction of Ukraine with @heidirediker. Watch:  ",2025-04-24 18:02:06+00:00,6,2,0,Ukraine,,False
CFR_org,1915453696671994012,"At a disconcerting moment of global democratic backsliding, Korea provides an instructive case of how basic norms of the rule of law and constitutional democracy can be restored, writes @JohnDelury. ",2025-04-24 17:12:03+00:00,3,3,0,,,False
CFR_org,1915439361602002994,"In early 2025, fighting between Congolese security forces and militant groups led by M23 escalated rapidly. Trace developments in the conflict, including recent peace talks: ",2025-04-24 16:15:05+00:00,3,0,0,Congo,,False
CFR_org,1915417337894695186,"Today in the Daily News Brief we’re covering how killings in Kashmir are affecting India-Pakistan relations, EU antitrust fines for Apple and Meta, a climate strategy meeting without Washington, and more.

Read &amp; subscribe to the newsletter:
",2025-04-24 14:47:34+00:00,1,0,1,"India, Pakistan",,False
CFR_org,1915416188038828470," On this episode of The Interconnect podcast, Stanford’s @AmyZegart and @HerbLinCyber and CFR experts @adschina and @rightsduff discuss some of the most critical actors that influence the evolution of emerging technologies and more. 

Listen below 
",2025-04-24 14:43:00+00:00,4,2,0,,,False
CFR_org,1915392282435428664,"""The United States will create blind spots where emerging diseases can incubate before they arrive fully fledged on the country’s doorstep. That will create an illusion of safety—until it is too late,"" write @YanzhongHuang and @TomBollyky. ",2025-04-24 13:08:01+00:00,11,4,3,,,False
CFR_org,1915197496483090468,"India has downgraded ties with Pakistan after a recent terrorist attack in Kashmir.

India has announced it will both close the Attari border checkpoint and suspend the Indus Waters Treaty with Pakistan. 

Get the latest from our Global Conflict Tracker: 
",2025-04-24 00:14:00+00:00,7,3,1,"India, Pakistan",,False
CFR_org,1915164781561991490,"Our ecological disasters timeline details key environmental crises, many of which have had lasting consequences that are still relevant today.

Take a look: ",2025-04-23 22:04:00+00:00,6,1,0,,,False
CFR_org,1915160400355831848,"RT @CFR_Education: Are you interested in receiving a certificate of climate literacy from @CFR_org?   

Enroll for our three-course series…",2025-04-23 21:46:36+00:00,0,1,0,,,False
CFR_org,1915151719161352364,"""We need to learn from history. . . There were those who went for import substitution, and that story didn’t go so well,"" said @wto Director-General @NOIweala in a conversation with CFR President Michael Froman. 

Watch the full discussion:  ",2025-04-23 21:12:06+00:00,13,3,1,,,False
CFR_org,1915148701061853625,"The U.S. is the world’s top producer of oil and natural gas. Its decision to either continue at this pace or curb production to achieve its climate goals will have global consequences.

Here's what to know:
",2025-04-23 21:00:06+00:00,9,2,1,U.S.,natural gas,False
CFR_org,1915135589055160373,"President Samia Suluhu Hassan of Tanzania may get her own historic mandate, but with opposition leader Tundu Lissu arrested and his party banned, the victory may only deepen cynicism and instability, explains @CFR_Africa's Michelle Gavin.

",2025-04-23 20:08:00+00:00,7,3,0,,lead,False
CFR_org,1915131815074959440,"As Sudan plunges into another chapter of fighting, the country is enduring the world’s worst humanitarian crisis at a time of drastically shrinking foreign aid.   

Here's what to know:
",2025-04-23 19:53:00+00:00,3,0,0,Sudan,,False
CFR_org,1915103632220999959,"Singapore's ruling party faces domestic and economic headwinds ahead of upcoming elections, writes @JoshKurlantzick. 
",2025-04-23 18:01:01+00:00,4,2,0,Singapore,,False
CFR_org,1915088342749692311,"CFR law and foreign policy expert @mattwaxman1 answers questions about the Kilmar Ábrego García case, which has put a spotlight on Trump’s immigration and deportation practices and set up a legal showdown between the White House and the courts.

Read below:",2025-04-23 17:00:16+00:00,3,5,0,,,False
CFR_org,1915081482944626957,"China is addressing health threats that climate change poses but faces challenges that require policy reforms, write Chunhong Sheng and Jiyong Jin for @ThinkGlobalHlth.
",2025-04-23 16:33:00+00:00,4,1,0,China,,False
CFR_org,1915058218050507193," NOW | 11:00 am ET

@wto Director-General @NOIweala will discuss the future of global trade and the WTO's role in the rules-based international system. 

Tune in live:
",2025-04-23 15:00:33+00:00,5,2,0,,,False
CFR_org,1915057845621473287,"Today at 11:00 am ET, @wto Director-General @NOIweala discusses the future of global trade and the WTO's role in the rules-based international system. Watch live: ",2025-04-23 14:59:05+00:00,12,3,0,,,False
CFR_org,1915055120984797627,"Today in the Daily News Brief we’re covering a London meeting on Ukraine peace proposals, an attack in India-controlled Kashmir, the IMF’s dampened world growth forecast, and more.

Read &amp; subscribe to the newsletter:
",2025-04-23 14:48:15+00:00,2,1,0,"India, Ukraine",,False
CFR_org,1915046764635185385,"Canadians are heading to the polls at the most fraught moment in U.S.-Canada relations in 80 years.

Here's what to know:
",2025-04-23 14:15:03+00:00,1,1,1,"Canada, U.S.",,False
CFR_org,1915031660296376621," Today | 11:00 am ET

@wto Director-General @NOIweala will discuss the future of global trade and the WTO's role in the rules-based international system. 

Tune in live:
",2025-04-23 13:15:02+00:00,3,2,0,,,False
CFR_org,1914809691277795798," At this CFR event, @iaeaorg Director General @rafaelmgrossi discussed the growing interest in acquiring nuclear weapons among nation-states, advancements in nuclear technology, the increasing global demand for nuclear energy, and more. 

Watch below  ",2025-04-22 22:33:00+00:00,4,1,0,,cement,False
CFR_org,1914794591917605361," On this episode of The President's Inbox, @vsiv sits down with @JamesMLindsay to discuss the state of the global environment and U.S. climate policies on the occasion of Earth Day 2025.

Listen  ",2025-04-22 21:33:00+00:00,12,4,2,U.S.,,False
CFR_org,1914786538744934563,"As glaciers shrink, they release decades of accumulated pollutants, including microplastics.

Learn more with @ThinkGlobalHlth:
",2025-04-22 21:01:00+00:00,5,2,1,,,False
CFR_org,1914784795197833352,"In @PostOpinions, @MaxBoot writes, ""Hegseth’s former aide John Ullyot is right: It’s time for Hegseth to go. The job should be given to someone who has the right experience &amp; qualifications to lead one of the world’s largest &amp; most complex organizations...""",2025-04-22 20:54:04+00:00,18,7,2,,lead,False
CFR_org,1914779493115343285,"While international efforts like the Paris Agreement can reduce greenhouse gas emissions, experts warn countries aren’t doing enough to limit dangerous global warming.

Our explainer details the most important international climate agreements: ",2025-04-22 20:33:00+00:00,4,0,2,,,False
CFR_org,1914762883361046663,"Water stress or scarcity occurs when demand for safe, usable water in a given area exceeds the supply. Billions of people around the world lack adequate access to this essential element of life.

Learn more about water stress and how it can be addressed: ",2025-04-22 19:27:00+00:00,7,2,0,,,False
CFR_org,1914749801175851187,.@CFR_Education's Ian Gilchrist and CFR Climate Realism Initiative's Lindsay Iversen outline why the United States’ educational system needs a Sputnik-level response to meet the moment: ,2025-04-22 18:35:01+00:00,4,1,0,,,False
CFR_org,1914745696210518298,"RT @YahooFinance: Japan and Europe are saying, ""it's not yet clear what the US really wants,"" Council on Foreign Relations Whitney Shepards…",2025-04-22 18:18:42+00:00,0,5,0,Japan,,False
CFR_org,1914741041262927986,"With the Constitutional Court upholding Yoon Suk Yeol's impeachment, South Korea heads for a presidential election scheduled for June 3.

Here's what to know:
",2025-04-22 18:00:13+00:00,2,0,0,,,False
CFR_org,1914730384421511440,"RT @CFR_Education: Global affairs isn’t just an academic field — it’s an essential part of how the world functions every day.

@CFR_org and…",2025-04-22 17:17:52+00:00,0,1,0,,,False
CFR_org,1914729712896589895,"Funding for addressing climate change still falls far behind what is needed, especially by developing countries most at risk of the damages caused by extreme climate events.

What is climate finance, and how can it be used to build resilience?

Learn more:
",2025-04-22 17:15:12+00:00,2,1,0,,,False
CFR_org,1914718603330433515,"Extreme weather-related disasters are increasing in frequency around the world. 

On this Earth Day, see how climate change affected different regions in the past year, with mounting economic and societal ramifications: ",2025-04-22 16:31:03+00:00,6,2,0,,,False
