Username,Tweet ID,Tweet Text,Tweet Date,Tweet Likes,Tweet Retweets,Tweet Replies,Mentioned Countries,Mentioned Goods,Tariff Change?
cgtnafrica,1919416937597018362,Bessent says government wants to bring down federal deficit by maybe 1 percent per year.,2025-05-05 15:40:33+00:00,0,0,0,,,False
cgtnafrica,1919415067054850078,Jens Spahn has been elected as the new chairman of the CDU.,2025-05-05 15:33:07+00:00,0,0,0,,,False
cgtnafrica,1919413778682130489,Ukraine's military says it hit Russia’s drone command unit in Kursk region on Sunday.,2025-05-05 15:28:00+00:00,0,0,0,Ukraine,,False
cgtnafrica,1919412232938528797,UN chief offers his good offices to both India and Pakistan in the service of peace.,2025-05-05 15:21:51+00:00,0,0,0,"India, Pakistan",,False
cgtnafrica,1919411725608050869,Secretary-General @antonioguterres calls on #India and #Pakistan to exercise maximum restraint: UN spokesperson,2025-05-05 15:19:50+00:00,0,0,1,"India, Pakistan",,False
cgtnafrica,1919409715223658898,"Trump: I just had a very good and productive telephone conversation with the President of Turkey, Recep Erdoğan, concerning many subjects, including the War with Russia/Ukraine, all things Syria, Gaza, and more. The President invited me to go to Turkey at a future date and,",2025-05-05 15:11:51+00:00,0,1,2,Ukraine,,False
cgtnafrica,1919407964533801425,"ERDOGAN EXPRESSED SUPPORT TRUMP'S APPROACH TO ENDING WARS AND APPRECIATED THE NEGOTIATION PROCESS WITH IRAN IN PHONE CALL WITH TRUMP, TURKISH PRESIDENCY SAYS",2025-05-05 15:04:54+00:00,0,0,0,,,False
cgtnafrica,1919406831517999138,"BESSENT: TRUMP TAX LEGISLATION TO RESTORE 100% EXPENSING FOR EQUIPMENT, EXPAND FULL EXPENSING TO FACTORY CONSTRUCTION, PROVIDE TAX CREDITS, DEDUCTIONS FOR RESEARCH AND INNOVATION",2025-05-05 15:00:24+00:00,1,0,0,,,False
cgtnafrica,1919395801912033476,ISRAELI PM NETANYAHU IN VIDEO ON SOCIAL MEDIA SAYS NEW GAZA OFFENSIVE WILL BE INTENSIVE,2025-05-05 14:16:34+00:00,0,0,0,,,False
cgtnafrica,1919392748097905126,U.S. TREASURY ISSUES FRESH MYANMAR-RELATED SANCTIONS -TREASURY WEBSITE,2025-05-05 14:04:26+00:00,1,0,0,U.S.,,False
cgtnafrica,1919392187642446191,"MEXICO ECONOMY MINISTER: REFERENCE PRICES TO BE IMPLEMENTED FOR FURNITURE, TOYS, SPORTS EQUIPMENT, PAPER AND CARDBOARD",2025-05-05 14:02:12+00:00,0,0,0,,"rice, toys",False
cgtnafrica,1919391835832664297,MEXICO ECONOMY MINISTER: MEXICO TO APPLY REFERENCE PRICES FOR SOME IMPORTS,2025-05-05 14:00:48+00:00,0,0,1,,rice,False
cgtnafrica,1919389646116552986,ROMANIAN PM CIOLACU SAYS WILL ASK HIS PARTY TO CONSIDER LEAVING THE RULING COALITION,2025-05-05 13:52:06+00:00,1,1,0,,coal,False
cgtnafrica,1919389500192571505,ROMANIAN PM CIOLACU SAYS RULING COALITION HAS NOT MET ITS OBJECTIVE IN THE ELECTION,2025-05-05 13:51:32+00:00,2,0,1,,coal,False
cgtnafrica,1919389271862960418,"MEXICO ECONOMY MINISTER: MEXICO TO REMOVE MORE THAN 1,000 STEEL MILLS FROM LIST OF APPROVED IMPORTERS",2025-05-05 13:50:37+00:00,0,0,1,,,False
cgtnafrica,1919388211970711964,"Iran FM says Israel's Netanyahu dragging U.S. into 'disaster' in region, AFP reported.",2025-05-05 13:46:24+00:00,0,0,0,"Israel, U.S.",,False
cgtnafrica,1919386213795975266,World Bank to support Bosnia's energy transition with $90.7 million loan.,2025-05-05 13:38:28+00:00,0,0,0,,,False
cgtnafrica,1919385975257522582,UAE official says Sudan genocide ICJ case 'utterly baseless'.,2025-05-05 13:37:31+00:00,0,0,0,Sudan,,False
cgtnafrica,1919381850008514852,Sudan’s case against UAE at ICJ closes.,2025-05-05 13:21:08+00:00,0,1,1,Sudan,,False
cgtnafrica,1919381199568404973,WORLD COURT DISMISSES SUDAN'S GENOCIDE CASE AGAINST UNITED ARAB EMIRATES OVER ALLEGED DARFUR INTERFERENCE,2025-05-05 13:18:33+00:00,1,1,0,,,False
cgtnafrica,1919380683409002877,ICJ cannot indicate provisional requested by Sudan against UAE.,2025-05-05 13:16:29+00:00,0,0,1,Sudan,,False
cgtnafrica,1919380628329410889,The ICJ rules out Sudan’s case against UAE.,2025-05-05 13:16:16+00:00,1,0,0,Sudan,,False
cgtnafrica,1919376613189230994,ICJ is delivering its Order in the case concerning the Application of the Convention on the Prevention and Punishment of the Crime of Genocide (Sudan v. UAE).,2025-05-05 13:00:19+00:00,0,0,1,Sudan,,False
cgtnafrica,1919375260102578374,Séraphin Moundounga appointed Vice-President of Gabon: media,2025-05-05 12:54:56+00:00,1,3,0,Gabon,,False
cgtnafrica,1919371611871871192,"Greece is not considering supplying additional patriot air defence systems to Ukraine, govt official says",2025-05-05 12:40:27+00:00,0,0,0,"Greece, Ukraine",,False
cgtnafrica,1919368963495997546,A Belgian tourist and her son were killed in flash floods that struck the southern part of Jordan: media reports.,2025-05-05 12:29:55+00:00,1,0,0,Jordan,,False
cgtnafrica,1919368872651522409,"One of the attackers on the traffic police officers in Dagestan, Russia, has been eliminated: Authorities",2025-05-05 12:29:34+00:00,0,0,0,,,False
cgtnafrica,1919368823402013158,Air France suspends flights over Pakistan due to tensions in the region.,2025-05-05 12:29:22+00:00,1,2,0,"France, Pakistan",,False
cgtnafrica,1919364728377290925,Canadian Prime Minister Carney spoke with Prime Minister of Australia Albanese on Sunday: Statement,2025-05-05 12:13:05+00:00,0,0,0,Australia,,False
cgtnafrica,1919364681350713724,"Criminals flee in a service car after attacking police officers in Dagestan, Russia: Authorities.",2025-05-05 12:12:54+00:00,0,0,0,,,False
