Username,Tweet ID,Tweet Text,Tweet Date,Tweet Likes,Tweet Retweets,Tweet Replies,Mentioned Countries,Mentioned Goods,Tariff Change?
snlester,1919414503965413629,Seems like staying in the deal would have been an easier route to having a deal. ,2025-05-05 15:30:53+00:00,0,0,0,,,False
snlester,1919361647845494836,@howserob @sonderweg45 @AOC AOC will ride to electoral victory on a progressive anti-tariff platform.,2025-05-05 12:00:51+00:00,0,0,1,,,False
snlester,1919357811940565398,"@howserob Bases on that article, I don't think progress seems likely",2025-05-05 11:45:36+00:00,1,0,2,,,False
snlester,1919357101438066722,"@howserob My guess is the discussions involve the administration saying things like ""we cannot under any circumstances accept a global or domestic tax on digital services."" 

Foreign domestic taxes certainly do irritate them, but anything called a ""global tax"" seems like a non-starter.",2025-05-05 11:42:47+00:00,0,0,0,,,False
snlester,1919354892394643669,@howserob I think they have made it pretty clear that they are against any kind of global minimum tax here. Do you see anything to the contrary?,2025-05-05 11:34:00+00:00,0,0,2,,,False
snlester,1919348831239451062,"This kind of thing is frustrating because government subsidies to the movie industry are a real issue, but unilateral tariffs on the basis of national security are not likely to be the solution. ",2025-05-05 11:09:55+00:00,2,0,0,,,False
snlester,1919345930731475288,"@barner I'd have to check the services commitments, but he is invoking national security, so that's their justification even if an obligation exists.",2025-05-05 10:58:24+00:00,1,0,0,,,False
snlester,1919332556341682496,"@howserob On the global minimum tax:

""This memorandum recaptures our Nation’s sovereignty and economic competitiveness by clarifying that the Global Tax Deal has no force or effect in the United States.""

",2025-05-05 10:05:15+00:00,0,0,1,,,False
snlester,1919210117150527731,@howserob Think of what the administration is doing to eliminate foreign digital services taxes and digital regulations. Same folks are behind that.,2025-05-05 01:58:43+00:00,1,0,1,,,False
snlester,1919209601905340775,@howserob We're talking Big Tech and Defense Tech here. Some of them are very tight with him.,2025-05-05 01:56:40+00:00,0,0,1,,,False
snlester,1919209266667229565,@howserob I would like to hear someone ask him these questions.,2025-05-05 01:55:21+00:00,0,0,0,,,False
snlester,1919208889913946329,@howserob Digital services goes far beyond movies. Many US companies would be lobbying hard to stop this,2025-05-05 01:53:51+00:00,0,0,1,,,False
snlester,1919208568298807788,@howserob I think he probably imagines they are shipped in those metal containers and you can impose a tariff at customs,2025-05-05 01:52:34+00:00,0,0,1,,,False
snlester,1919208323989057625,@howserob But he is not one of them.,2025-05-05 01:51:36+00:00,0,0,0,,,False
snlester,1919208255621935426,"@howserob There are probably people in the administration who have given this some thought, it's an old issue:

",2025-05-05 01:51:19+00:00,0,0,1,,,False
snlester,1919207937630699763,"@howserob I think they may try to protect domestic movies, but not through a tariff on digital distribution. My guess is that he is not aware that movies can be distributed digitally",2025-05-05 01:50:04+00:00,0,0,2,,,False
snlester,1919207055514116163,"@howserob Given the US competitive advantage in these sectors, I don't think they will support tariffs on digital services.",2025-05-05 01:46:33+00:00,1,0,2,,,False
snlester,1919205991515644204,"@howserob I think it's very unlikely they will impose tariffs on digital downloads/streaming of movies.

Now, can they come up with some way to impose taxes on distribution rights or something for foreign movies? Maybe, but it will be complicated.",2025-05-05 01:42:20+00:00,0,0,1,,,False
snlester,1919204677452812364,@howserob That moratorium benefits a wide range of US companies selling abroad so I doubt the Trump administration will pull its support for it.,2025-05-05 01:37:06+00:00,2,0,2,,,False
snlester,1919188419248349654,@danieldbunn We are against THEIR digital services taxes. Ours are just fine.,2025-05-05 00:32:30+00:00,5,0,0,,,False
snlester,1919188183499100522,"Not to worry everyone, but his post may be connected to an old Section 301 petition, and thus could actually have some legs. See:





 ",2025-05-05 00:31:34+00:00,12,5,2,,,False
snlester,1919176767287267796,"So with a digitally made film, they will impose a tariff when the film is downloaded onto a US server? Sounds simple, I don't anticipate any problems, have at it.  ",2025-05-04 23:46:12+00:00,13,3,4,,,False
snlester,1919114182982557754,"I'm no international relations expert, but taking over foreign territories seems like it is, in fact, conflict. ",2025-05-04 19:37:31+00:00,4,0,1,,,False
snlester,1919086221956882748,"RT @Odoyle1201: A House Democrat needs to introduce a bill barring the govt from spending any funds planning, preparing or executing an inv…",2025-05-04 17:46:24+00:00,0,4,0,,,False
snlester,1919086127362834472,RT @Martina: And silence from the sycophants. Utter cowards,2025-05-04 17:46:02+00:00,0,21,0,,,False
snlester,1919070454737674257,Good reminder that we haven't actually had free trade with China all this time. ,2025-05-04 16:43:45+00:00,10,0,0,China,,False
snlester,1919065709520298119,RT @tradelawnews: @scottlincicome There has been an antidumping order on pencils from China since 1994.,2025-05-04 16:24:54+00:00,0,2,0,China,,False
snlester,1918998369755709691,"For those of you who miss the rule of law in the world trading system, there's a new rule of law thing happening: The second MPIA appeal is starting up. ",2025-05-04 11:57:19+00:00,8,1,1,,,False
snlester,1918805658025021466,RT @cpgrabow: @USTradeRep That these are all poor countries is not a coincidence. This should read like a big flashing warning sign about w…,2025-05-03 23:11:33+00:00,0,1,0,,,False
snlester,1918803090796335474,"RT @Mark_J_Perry: This chart can't be circulated enough to combat the constant, false claims of:

""The decline/death of US manufacturing""…",2025-05-03 23:01:21+00:00,0,191,0,,,False
